user_id,signup_date,country
U00001,2025-10-16,CA
U00002,2024-01-26,FR
U00003,2024-09-07,DE
U00004,2024-05-22,CA
U00005,2025-11-23,MX
U00006,2024-03-30,JP
U00007,2025-03-08,US
U00008,2024-01-31,CA
U00009,2024-08-11,DE
U00010,2025-06-01,JP
U00011,2024-01-28,MX
U00012,2024-07-22,MX
U00013,2025-03-05,DE
U00014,2025-04-04,JP
U00015,2024-10-11,US
U00016,2024-06-12,IN
U00017,2024-12-14,FR
U00018,2024-06-08,DE
U00019,2024-12-10,CA
U00020,2024-04-04,IN
U00021,2024-04-09,AU
U00022,2024-12-18,JP
U00023,2024-09-27,US
U00024,2025-04-15,MX
U00025,2024-05-07,IN
U00026,2024-03-21,MX
U00027,2024-10-27,JP
U00028,2025-01-05,JP
U00029,2024-07-15,CA
U00030,2024-02-16,DE
U00031,2024-10-23,CA
U00032,2024-08-26,CA
U00033,2025-01-24,FR
U00034,2025-04-09,AU
U00035,2024-06-15,AU
U00036,2024-12-29,DE
U00037,2025-11-17,FR
U00038,2025-11-30,CA
U00039,2025-09-15,UK
U00040,2025-06-30,DE
U00041,2024-06-16,BR
U00042,2025-01-23,FR
U00043,2025-10-17,MX
U00044,2024-08-12,AU
U00045,2024-02-27,DE
U00046,2024-02-02,AU
U00047,2025-02-14,FR
U00048,2024-03-08,DE
U00049,2025-08-03,AU
U00050,2024-08-05,BR
U00051,2025-02-09,BR
U00052,2024-05-26,FR
U00053,2024-05-22,DE
U00054,2025-07-28,MX
U00055,2024-09-26,JP
U00056,2025-03-14,JP
U00057,2025-02-12,AU
U00058,2024-08-12,UK
U00059,2025-06-05,BR
U00060,2024-04-03,US
U00061,2024-04-22,UK
U00062,2025-10-04,UK
U00063,2025-11-27,IN
U00064,2025-09-02,CA
U00065,2025-01-29,IN
U00066,2025-09-02,BR
U00067,2025-06-25,FR
U00068,2025-07-20,US
U00069,2025-11-27,CA
U00070,2025-11-29,MX
U00071,2024-09-30,AU
U00072,2024-04-24,FR
U00073,2025-03-21,UK
U00074,2025-04-09,US
U00075,2024-09-26,MX
U00076,2024-07-01,MX
U00077,2024-04-18,FR
U00078,2025-10-16,MX
U00079,2025-09-15,DE
U00080,2024-06-05,AU
U00081,2024-06-14,MX
U00082,2025-06-27,US
U00083,2025-09-05,AU
U00084,2025-05-15,US
U00085,2024-04-24,AU
U00086,2024-11-10,DE
U00087,2024-02-29,DE
U00088,2025-08-03,CA
U00089,2024-03-28,BR
U00090,2024-03-11,MX
U00091,2024-05-08,UK
U00092,2025-11-06,BR
U00093,2025-07-16,UK
U00094,2024-09-28,MX
U00095,2025-09-13,IN
U00096,2024-08-04,MX
U00097,2024-07-24,FR
U00098,2025-02-12,AU
U00099,2025-03-24,MX
U00100,2025-04-07,CA
U00101,2024-09-10,DE
U00102,2024-03-06,AU
U00103,2024-01-22,JP
U00104,2025-07-21,DE
U00105,2025-08-25,DE
U00106,2024-01-08,CA
U00107,2025-10-08,US
U00108,2024-08-22,CA
U00109,2024-02-02,AU
U00110,2024-03-13,MX
U00111,2024-08-31,FR
U00112,2025-11-16,BR
U00113,2024-08-07,MX
U00114,2024-05-15,JP
U00115,2025-08-13,BR
U00116,2024-09-05,BR
U00117,2025-02-20,DE
U00118,2024-04-06,CA
U00119,2025-11-05,IN
U00120,2024-12-28,IN
U00121,2025-02-24,BR
U00122,2024-02-25,CA
U00123,2024-03-03,IN
U00124,2024-12-13,CA
U00125,2024-09-11,DE
U00126,2024-07-13,MX
U00127,2025-04-04,UK
U00128,2025-03-08,UK
U00129,2024-10-12,BR
U00130,2024-09-12,CA
U00131,2025-03-29,MX
U00132,2024-04-10,US
U00133,2025-10-29,MX
U00134,2024-01-16,CA
U00135,2024-08-30,UK
U00136,2025-02-20,BR
U00137,2025-05-07,DE
U00138,2025-02-14,US
U00139,2024-06-17,IN
U00140,2024-01-03,IN
U00141,2024-09-28,BR
U00142,2024-10-19,IN
U00143,2025-07-23,BR
U00144,2024-06-07,DE
U00145,2024-10-30,DE
U00146,2024-02-29,JP
U00147,2025-07-09,US
U00148,2024-11-17,US
U00149,2024-02-21,JP
U00150,2025-05-03,MX
U00151,2025-06-27,UK
U00152,2024-02-28,MX
U00153,2024-03-23,UK
U00154,2024-03-11,JP
U00155,2024-03-10,DE
U00156,2025-02-17,CA
U00157,2025-08-06,DE
U00158,2025-08-15,JP
U00159,2024-02-10,JP
U00160,2024-03-24,IN
U00161,2025-11-04,JP
U00162,2025-08-01,MX
U00163,2024-11-19,FR
U00164,2024-07-28,AU
U00165,2024-09-01,FR
U00166,2025-02-09,UK
U00167,2025-11-18,FR
U00168,2025-04-13,AU
U00169,2024-03-15,US
U00170,2025-04-14,JP
U00171,2025-07-30,CA
U00172,2024-03-16,MX
U00173,2024-08-06,MX
U00174,2024-09-28,UK
U00175,2024-12-23,CA
U00176,2024-09-07,AU
U00177,2024-10-18,UK
U00178,2025-03-24,MX
U00179,2024-11-05,JP
U00180,2025-10-31,MX
U00181,2024-01-09,MX
U00182,2024-11-02,CA
U00183,2024-05-17,FR
U00184,2024-04-28,CA
U00185,2025-07-20,UK
U00186,2024-10-05,FR
U00187,2025-09-11,DE
U00188,2024-12-17,DE
U00189,2025-10-11,FR
U00190,2025-06-01,BR
U00191,2024-09-14,US
U00192,2024-04-04,IN
U00193,2024-10-10,US
U00194,2024-01-04,AU
U00195,2024-05-13,FR
U00196,2024-06-14,BR
U00197,2025-07-18,IN
U00198,2025-07-28,US
U00199,2024-04-24,CA
U00200,2024-06-01,MX
U00201,2024-02-06,AU
U00202,2025-08-19,MX
U00203,2024-05-31,IN
U00204,2024-05-10,US
U00205,2024-11-11,AU
U00206,2024-02-10,AU
U00207,2024-08-03,DE
U00208,2025-11-13,CA
U00209,2024-12-28,MX
U00210,2025-02-20,JP
U00211,2024-06-07,DE
U00212,2024-06-15,UK
U00213,2025-02-26,US
U00214,2024-07-02,AU
U00215,2025-02-25,DE
U00216,2024-09-30,UK
U00217,2024-04-20,IN
U00218,2024-02-09,BR
U00219,2024-08-15,DE
U00220,2025-04-16,AU
U00221,2024-11-08,DE
U00222,2024-08-16,US
U00223,2025-11-06,DE
U00224,2025-02-12,AU
U00225,2024-10-12,CA
U00226,2024-10-12,AU
U00227,2025-10-18,MX
U00228,2025-02-13,MX
U00229,2024-12-05,US
U00230,2024-04-28,FR
U00231,2024-07-01,JP
U00232,2024-09-28,US
U00233,2024-04-21,JP
U00234,2025-03-20,AU
U00235,2024-11-17,IN
U00236,2025-09-12,MX
U00237,2024-04-28,IN
U00238,2025-08-13,DE
U00239,2024-09-17,US
U00240,2025-03-22,US
U00241,2025-06-16,MX
U00242,2025-11-17,DE
U00243,2025-01-07,IN
U00244,2024-03-12,AU
U00245,2025-09-30,AU
U00246,2025-11-10,CA
U00247,2024-11-03,MX
U00248,2024-11-12,IN
U00249,2024-11-30,IN
U00250,2024-10-29,MX
U00251,2024-05-10,DE
U00252,2025-03-06,IN
U00253,2025-11-24,UK
U00254,2025-09-22,JP
U00255,2024-11-04,IN
U00256,2025-07-15,US
U00257,2024-11-07,FR
U00258,2024-08-03,IN
U00259,2025-08-16,JP
U00260,2025-11-01,AU
U00261,2025-04-21,BR
U00262,2025-03-28,DE
U00263,2025-06-07,BR
U00264,2024-06-22,CA
U00265,2024-10-17,MX
U00266,2025-11-10,JP
U00267,2024-12-09,CA
U00268,2024-08-28,FR
U00269,2024-08-18,DE
U00270,2024-05-30,US
U00271,2024-02-17,DE
U00272,2025-05-01,JP
U00273,2024-03-15,BR
U00274,2025-02-28,JP
U00275,2024-07-18,IN
U00276,2025-05-21,IN
U00277,2024-09-06,UK
U00278,2025-11-02,US
U00279,2024-04-19,IN
U00280,2024-08-12,UK
U00281,2025-06-14,BR
U00282,2024-02-21,MX
U00283,2024-09-12,CA
U00284,2025-04-12,UK
U00285,2025-04-20,MX
U00286,2025-07-26,JP
U00287,2024-11-20,BR
U00288,2025-09-19,MX
U00289,2025-03-12,MX
U00290,2025-04-01,UK
U00291,2025-05-01,BR
U00292,2024-09-22,DE
U00293,2025-10-14,FR
U00294,2025-06-17,BR
U00295,2025-10-03,DE
U00296,2024-10-08,BR
U00297,2024-03-20,FR
U00298,2024-08-28,FR
U00299,2024-12-09,AU
U00300,2025-07-07,CA
U00301,2024-05-21,UK
U00302,2024-08-24,IN
U00303,2024-06-05,DE
U00304,2024-03-06,IN
U00305,2025-02-21,AU
U00306,2025-07-09,BR
U00307,2025-03-01,US
U00308,2024-07-30,IN
U00309,2025-02-02,JP
U00310,2024-01-21,JP
U00311,2025-01-24,BR
U00312,2024-01-07,AU
U00313,2024-11-01,IN
U00314,2025-03-05,MX
U00315,2025-07-13,JP
U00316,2024-08-13,BR
U00317,2024-08-12,FR
U00318,2025-03-22,BR
U00319,2024-01-30,IN
U00320,2024-12-10,IN
U00321,2024-06-18,BR
U00322,2024-05-10,JP
U00323,2025-06-30,US
U00324,2025-02-07,JP
U00325,2025-07-31,US
U00326,2024-03-26,IN
U00327,2024-05-18,BR
U00328,2024-07-05,US
U00329,2024-09-23,IN
U00330,2024-12-01,DE
U00331,2025-04-10,AU
U00332,2024-12-11,IN
U00333,2024-10-11,IN
U00334,2024-09-15,CA
U00335,2025-04-26,US
U00336,2025-07-06,US
U00337,2024-12-24,DE
U00338,2025-10-27,CA
U00339,2025-10-29,US
U00340,2024-02-01,DE
U00341,2024-07-23,US
U00342,2025-09-28,UK
U00343,2024-09-01,UK
U00344,2025-04-29,CA
U00345,2025-07-31,DE
U00346,2025-04-21,FR
U00347,2025-01-12,UK
U00348,2025-09-12,JP
U00349,2024-04-27,UK
U00350,2024-11-14,CA
U00351,2025-08-15,US
U00352,2024-11-15,JP
U00353,2025-11-24,IN
U00354,2025-02-10,DE
U00355,2024-03-18,JP
U00356,2025-10-04,DE
U00357,2024-04-14,FR
U00358,2025-12-01,JP
U00359,2024-05-03,JP
U00360,2024-02-12,AU
U00361,2025-06-29,IN
U00362,2025-11-08,AU
U00363,2024-03-11,MX
U00364,2025-10-25,AU
U00365,2024-01-13,IN
U00366,2025-05-16,CA
U00367,2025-03-19,AU
U00368,2025-10-12,BR
U00369,2024-06-05,IN
U00370,2024-06-29,MX
U00371,2025-10-28,FR
U00372,2025-09-22,MX
U00373,2025-05-10,BR
U00374,2025-03-22,JP
U00375,2024-10-01,AU
U00376,2024-09-08,CA
U00377,2024-10-12,BR
U00378,2024-09-06,BR
U00379,2025-08-06,JP
U00380,2025-11-15,IN
U00381,2024-12-10,US
U00382,2025-05-21,AU
U00383,2024-07-05,BR
U00384,2024-08-05,AU
U00385,2024-09-21,AU
U00386,2024-10-13,JP
U00387,2024-10-09,MX
U00388,2024-01-11,MX
U00389,2024-07-14,CA
U00390,2024-09-04,IN
U00391,2025-05-15,MX
U00392,2024-09-03,BR
U00393,2025-10-23,BR
U00394,2025-04-03,US
U00395,2024-04-05,FR
U00396,2024-08-14,IN
U00397,2024-09-06,FR
U00398,2025-11-10,JP
U00399,2025-01-12,BR
U00400,2025-07-20,MX
U00401,2024-12-18,IN
U00402,2025-07-17,AU
U00403,2024-12-26,BR
U00404,2024-10-04,FR
U00405,2024-09-14,DE
U00406,2024-05-03,DE
U00407,2024-11-19,CA
U00408,2025-07-02,UK
U00409,2024-07-15,DE
U00410,2025-05-10,FR
U00411,2025-08-26,MX
U00412,2025-09-03,FR
U00413,2024-04-12,DE
U00414,2024-10-30,DE
U00415,2025-01-04,UK
U00416,2024-11-05,US
U00417,2025-06-30,UK
U00418,2024-10-07,US
U00419,2024-02-25,MX
U00420,2024-10-26,UK
U00421,2025-10-15,BR
U00422,2024-04-15,US
U00423,2025-08-10,FR
U00424,2025-04-25,BR
U00425,2025-03-27,AU
U00426,2024-07-07,US
U00427,2024-09-15,BR
U00428,2024-04-26,CA
U00429,2025-02-14,BR
U00430,2024-03-16,JP
U00431,2025-10-06,US
U00432,2024-06-04,UK
U00433,2025-07-30,FR
U00434,2024-03-28,DE
U00435,2024-05-01,MX
U00436,2025-03-02,JP
U00437,2025-09-02,JP
U00438,2024-08-19,MX
U00439,2025-01-24,BR
U00440,2025-03-29,FR
U00441,2025-08-25,IN
U00442,2024-11-08,JP
U00443,2025-09-27,US
U00444,2025-09-16,CA
U00445,2024-07-31,DE
U00446,2024-09-27,CA
U00447,2024-06-09,DE
U00448,2024-06-26,MX
U00449,2024-03-17,UK
U00450,2024-01-03,IN
U00451,2025-04-06,JP
U00452,2025-04-26,FR
U00453,2024-02-03,DE
U00454,2024-10-22,FR
U00455,2025-04-09,CA
U00456,2024-08-27,FR
U00457,2025-10-02,JP
U00458,2025-11-08,DE
U00459,2025-03-11,CA
U00460,2025-07-11,DE
U00461,2025-10-25,UK
U00462,2024-09-29,UK
U00463,2024-03-14,US
U00464,2024-06-18,FR
U00465,2025-09-01,JP
U00466,2024-10-22,BR
U00467,2024-05-07,BR
U00468,2024-11-07,IN
U00469,2024-10-05,MX
U00470,2025-07-06,BR
U00471,2025-03-24,CA
U00472,2025-09-04,US
U00473,2025-03-18,AU
U00474,2025-09-10,FR
U00475,2024-01-27,CA
U00476,2024-08-22,JP
U00477,2025-08-24,US
U00478,2025-11-19,FR
U00479,2025-08-13,US
U00480,2024-06-28,BR
U00481,2025-06-15,BR
U00482,2024-10-11,UK
U00483,2025-08-22,IN
U00484,2025-10-12,BR
U00485,2024-04-03,BR
U00486,2024-12-22,IN
U00487,2024-12-07,AU
U00488,2025-11-17,CA
U00489,2024-06-13,AU
U00490,2025-02-25,BR
U00491,2024-10-22,IN
U00492,2025-07-17,US
U00493,2025-04-10,CA
U00494,2024-11-18,FR
U00495,2024-11-27,CA
U00496,2025-02-17,MX
U00497,2024-01-02,MX
U00498,2025-04-18,IN
U00499,2024-02-25,DE
U00500,2025-06-14,AU
U00501,2025-09-29,BR
U00502,2025-10-02,BR
U00503,2024-02-22,DE
U00504,2024-09-30,MX
U00505,2024-05-14,FR
U00506,2025-03-24,BR
U00507,2024-05-04,US
U00508,2025-10-07,JP
U00509,2024-09-02,UK
U00510,2024-11-14,MX
U00511,2024-01-15,MX
U00512,2025-02-21,CA
U00513,2024-08-18,CA
U00514,2025-04-17,CA
U00515,2025-10-25,UK
U00516,2025-05-25,FR
U00517,2025-06-05,FR
U00518,2025-03-01,BR
U00519,2025-04-28,DE
U00520,2025-04-12,MX
U00521,2024-05-28,IN
U00522,2024-07-14,JP
U00523,2025-06-04,UK
U00524,2024-03-12,FR
U00525,2025-02-28,AU
U00526,2025-06-03,FR
U00527,2024-01-03,FR
U00528,2024-11-01,JP
U00529,2025-08-16,BR
U00530,2024-06-01,BR
U00531,2025-07-05,BR
U00532,2024-12-19,AU
U00533,2025-07-19,MX
U00534,2025-01-21,BR
U00535,2024-11-25,DE
U00536,2024-09-01,JP
U00537,2025-01-27,DE
U00538,2025-02-24,US
U00539,2024-11-21,BR
U00540,2025-01-25,IN
U00541,2025-11-10,UK
U00542,2025-05-22,US
U00543,2024-05-09,MX
U00544,2025-08-27,AU
U00545,2024-04-12,BR
U00546,2024-04-12,MX
U00547,2025-04-12,US
U00548,2024-05-27,IN
U00549,2025-11-01,UK
U00550,2024-03-17,BR
U00551,2024-09-28,AU
U00552,2025-09-30,IN
U00553,2025-10-27,CA
U00554,2024-12-02,MX
U00555,2025-01-24,AU
U00556,2025-10-03,BR
U00557,2025-07-08,US
U00558,2025-09-24,CA
U00559,2024-08-28,FR
U00560,2024-08-20,CA
U00561,2025-03-20,CA
U00562,2025-10-10,CA
U00563,2025-03-30,UK
U00564,2024-11-02,US
U00565,2024-02-17,AU
U00566,2024-02-27,FR
U00567,2025-01-02,AU
U00568,2025-03-17,UK
U00569,2024-09-07,MX
U00570,2025-02-25,JP
U00571,2025-11-29,UK
U00572,2024-06-23,UK
U00573,2024-03-21,JP
U00574,2025-01-26,JP
U00575,2025-11-30,DE
U00576,2025-05-24,JP
U00577,2024-05-26,DE
U00578,2025-04-17,FR
U00579,2025-04-15,FR
U00580,2025-11-13,US
U00581,2025-04-21,FR
U00582,2025-11-24,MX
U00583,2024-06-10,CA
U00584,2025-03-28,AU
U00585,2025-08-24,FR
U00586,2025-10-16,IN
U00587,2024-09-13,BR
U00588,2024-11-05,DE
U00589,2025-01-28,BR
U00590,2024-04-19,DE
U00591,2025-01-25,JP
U00592,2025-01-02,JP
U00593,2024-10-29,FR
U00594,2024-01-23,IN
U00595,2024-10-08,US
U00596,2025-08-02,US
U00597,2025-09-12,BR
U00598,2024-10-20,DE
U00599,2025-09-13,AU
U00600,2024-08-12,DE
U00601,2025-09-27,FR
U00602,2025-11-25,UK
U00603,2025-10-05,CA
U00604,2025-10-04,US
U00605,2024-11-12,BR
U00606,2024-02-04,JP
U00607,2025-01-08,UK
U00608,2024-04-02,FR
U00609,2024-11-30,IN
U00610,2024-06-28,DE
U00611,2024-05-15,MX
U00612,2025-01-09,MX
U00613,2025-05-28,FR
U00614,2024-06-17,FR
U00615,2025-05-08,FR
U00616,2024-12-12,CA
U00617,2025-04-24,CA
U00618,2024-05-24,DE
U00619,2025-11-23,IN
U00620,2025-07-24,AU
U00621,2024-04-02,IN
U00622,2024-01-15,FR
U00623,2025-07-03,CA
U00624,2025-04-10,AU
U00625,2025-11-19,FR
U00626,2025-08-21,IN
U00627,2025-10-15,AU
U00628,2024-04-20,DE
U00629,2025-04-27,US
U00630,2025-09-26,MX
U00631,2024-12-01,JP
U00632,2024-08-14,CA
U00633,2025-10-12,BR
U00634,2024-11-05,IN
U00635,2024-04-29,UK
U00636,2024-02-16,US
U00637,2024-11-07,BR
U00638,2024-04-28,CA
U00639,2024-08-28,MX
U00640,2024-05-18,IN
U00641,2025-04-09,AU
U00642,2025-11-17,MX
U00643,2025-03-05,JP
U00644,2024-06-07,IN
U00645,2025-11-01,CA
U00646,2025-05-16,JP
U00647,2025-02-21,FR
U00648,2024-02-03,AU
U00649,2024-08-10,BR
U00650,2025-03-31,DE
U00651,2025-01-06,CA
U00652,2025-01-11,MX
U00653,2025-10-22,AU
U00654,2024-03-03,IN
U00655,2024-10-09,DE
U00656,2024-05-05,BR
U00657,2024-04-03,DE
U00658,2025-10-19,JP
U00659,2024-01-22,US
U00660,2024-12-07,DE
U00661,2024-05-08,JP
U00662,2024-07-29,CA
U00663,2025-07-21,DE
U00664,2025-08-23,DE
U00665,2024-08-26,AU
U00666,2024-05-31,JP
U00667,2024-01-03,FR
U00668,2024-05-28,UK
U00669,2025-07-07,FR
U00670,2024-06-27,CA
U00671,2025-11-07,US
U00672,2024-05-14,US
U00673,2025-01-01,DE
U00674,2025-08-25,AU
U00675,2024-01-17,UK
U00676,2024-09-28,US
U00677,2024-05-09,IN
U00678,2025-06-22,CA
U00679,2024-03-06,BR
U00680,2025-04-04,AU
U00681,2025-06-09,JP
U00682,2024-04-21,BR
U00683,2025-05-30,DE
U00684,2025-09-21,US
U00685,2025-11-05,MX
U00686,2024-11-04,BR
U00687,2025-10-20,US
U00688,2024-03-03,BR
U00689,2025-02-15,IN
U00690,2024-04-20,BR
U00691,2025-03-30,CA
U00692,2024-03-23,AU
U00693,2025-09-14,UK
U00694,2024-03-08,UK
U00695,2024-10-08,JP
U00696,2025-10-10,JP
U00697,2025-07-15,AU
U00698,2025-01-25,JP
U00699,2025-06-27,FR
U00700,2025-04-09,MX
U00701,2025-09-11,IN
U00702,2024-04-11,CA
U00703,2025-11-01,MX
U00704,2024-08-08,IN
U00705,2025-04-07,DE
U00706,2025-02-27,AU
U00707,2025-04-09,IN
U00708,2025-03-01,CA
U00709,2024-11-16,IN
U00710,2024-11-16,FR
U00711,2025-01-18,UK
U00712,2025-04-30,CA
U00713,2024-04-03,CA
U00714,2024-04-05,IN
U00715,2024-04-08,AU
U00716,2024-05-13,MX
U00717,2024-03-02,JP
U00718,2025-07-29,MX
U00719,2024-12-03,CA
U00720,2025-02-24,AU
U00721,2025-11-12,IN
U00722,2024-02-22,FR
U00723,2025-09-06,FR
U00724,2024-12-26,CA
U00725,2025-08-14,MX
U00726,2024-08-05,UK
U00727,2025-11-03,BR
U00728,2024-08-17,CA
U00729,2024-12-24,MX
U00730,2025-01-11,CA
U00731,2024-10-12,JP
U00732,2024-08-19,IN
U00733,2025-07-28,JP
U00734,2025-09-20,MX
U00735,2024-01-27,JP
U00736,2025-11-04,FR
U00737,2024-01-30,UK
U00738,2024-10-06,FR
U00739,2024-12-13,AU
U00740,2024-01-07,UK
U00741,2024-05-26,JP
U00742,2025-11-04,IN
U00743,2024-03-12,UK
U00744,2025-10-10,US
U00745,2024-04-03,MX
U00746,2024-08-08,IN
U00747,2025-03-05,BR
U00748,2024-12-15,UK
U00749,2025-01-13,FR
U00750,2024-11-28,JP
U00751,2025-09-02,CA
U00752,2024-02-23,UK
U00753,2024-06-10,JP
U00754,2024-02-20,CA
U00755,2024-10-05,BR
U00756,2025-11-08,IN
U00757,2025-05-12,JP
U00758,2025-03-28,IN
U00759,2024-10-06,DE
U00760,2025-06-08,CA
U00761,2024-12-19,IN
U00762,2024-04-23,FR
U00763,2025-11-25,JP
U00764,2025-05-13,MX
U00765,2025-11-14,FR
U00766,2024-02-16,DE
U00767,2025-02-08,JP
U00768,2024-02-26,US
U00769,2024-07-28,FR
U00770,2024-08-04,UK
U00771,2024-09-18,FR
U00772,2024-12-01,CA
U00773,2024-01-08,BR
U00774,2025-03-16,UK
U00775,2024-05-12,IN
U00776,2025-06-29,DE
U00777,2025-05-27,MX
U00778,2025-11-15,AU
U00779,2024-03-14,IN
U00780,2024-02-13,IN
U00781,2024-01-20,BR
U00782,2024-03-20,AU
U00783,2025-08-12,IN
U00784,2025-08-10,IN
U00785,2025-10-17,IN
U00786,2024-10-23,CA
U00787,2025-02-18,US
U00788,2024-11-28,UK
U00789,2025-09-24,BR
U00790,2025-01-05,CA
U00791,2025-03-23,CA
U00792,2024-09-06,IN
U00793,2025-08-26,IN
U00794,2025-06-20,CA
U00795,2025-02-09,FR
U00796,2024-12-13,DE
U00797,2024-12-07,UK
U00798,2024-03-19,MX
U00799,2025-10-10,CA
U00800,2025-06-27,MX
U00801,2024-07-17,AU
U00802,2024-12-25,UK
U00803,2024-08-29,CA
U00804,2024-05-29,FR
U00805,2024-07-21,UK
U00806,2025-09-08,UK
U00807,2025-11-02,CA
U00808,2024-06-30,BR
U00809,2025-04-20,JP
U00810,2025-08-16,BR
U00811,2025-11-28,JP
U00812,2025-10-20,JP
U00813,2024-11-26,AU
U00814,2024-06-03,BR
U00815,2024-03-10,BR
U00816,2025-03-28,FR
U00817,2024-10-08,JP
U00818,2024-02-27,AU
U00819,2025-06-03,CA
U00820,2024-11-13,BR
U00821,2025-04-07,US
U00822,2024-02-28,AU
U00823,2024-10-20,CA
U00824,2025-10-22,CA
U00825,2025-09-21,JP
U00826,2025-06-03,IN
U00827,2025-04-18,JP
U00828,2025-07-21,US
U00829,2025-04-05,JP
U00830,2025-10-29,DE
U00831,2024-11-25,JP
U00832,2025-05-02,MX
U00833,2024-06-03,US
U00834,2025-04-06,CA
U00835,2024-12-17,CA
U00836,2025-05-31,UK
U00837,2024-02-10,DE
U00838,2025-03-24,BR
U00839,2025-06-20,MX
U00840,2025-09-16,UK
U00841,2025-01-07,AU
U00842,2024-10-16,IN
U00843,2025-02-22,AU
U00844,2025-11-26,JP
U00845,2024-02-23,AU
U00846,2024-03-08,AU
U00847,2024-04-06,MX
U00848,2025-11-25,IN
U00849,2024-10-17,FR
U00850,2025-11-03,JP
U00851,2024-06-02,AU
U00852,2024-03-24,JP
U00853,2025-11-10,UK
U00854,2024-12-24,FR
U00855,2025-11-02,IN
U00856,2024-05-12,JP
U00857,2024-03-27,FR
U00858,2025-07-26,IN
U00859,2025-10-20,AU
U00860,2024-05-10,MX
U00861,2024-04-05,IN
U00862,2025-06-04,AU
U00863,2024-01-19,AU
U00864,2024-11-12,UK
U00865,2024-08-07,AU
U00866,2025-05-12,DE
U00867,2024-08-19,UK
U00868,2024-06-07,CA
U00869,2024-10-29,CA
U00870,2025-06-03,MX
U00871,2025-06-23,US
U00872,2025-11-08,AU
U00873,2025-09-24,UK
U00874,2025-09-03,IN
U00875,2024-06-06,UK
U00876,2024-07-04,JP
U00877,2024-06-18,BR
U00878,2024-02-14,IN
U00879,2025-01-08,DE
U00880,2025-03-30,JP
U00881,2024-10-18,BR
U00882,2024-08-27,MX
U00883,2024-09-01,FR
U00884,2025-04-25,DE
U00885,2025-01-11,JP
U00886,2025-03-27,BR
U00887,2024-10-15,IN
U00888,2025-05-29,MX
U00889,2025-03-04,UK
U00890,2024-07-23,JP
U00891,2024-05-21,FR
U00892,2024-02-23,BR
U00893,2025-01-15,MX
U00894,2024-04-15,MX
U00895,2024-05-07,FR
U00896,2024-03-26,UK
U00897,2024-10-06,BR
U00898,2025-06-09,UK
U00899,2025-03-23,CA
U00900,2024-08-15,BR
U00901,2024-12-23,US
U00902,2025-02-28,US
U00903,2025-02-09,MX
U00904,2025-01-17,DE
U00905,2025-01-30,CA
U00906,2025-01-18,DE
U00907,2024-01-29,AU
U00908,2024-04-11,AU
U00909,2024-05-29,UK
U00910,2024-02-09,FR
U00911,2025-04-28,UK
U00912,2025-04-25,BR
U00913,2025-09-22,US
U00914,2024-03-22,US
U00915,2024-09-19,DE
U00916,2024-06-02,MX
U00917,2025-09-15,MX
U00918,2025-03-09,CA
U00919,2024-10-22,DE
U00920,2024-11-04,CA
U00921,2024-02-18,DE
U00922,2025-03-05,JP
U00923,2025-04-13,CA
U00924,2024-04-23,BR
U00925,2025-09-03,MX
U00926,2024-01-17,MX
U00927,2025-08-11,DE
U00928,2024-05-27,FR
U00929,2025-03-15,US
U00930,2025-09-21,AU
U00931,2024-09-03,JP
U00932,2025-03-02,UK
U00933,2025-11-11,CA
U00934,2025-06-20,AU
U00935,2024-03-10,MX
U00936,2025-07-11,MX
U00937,2025-06-03,MX
U00938,2024-01-21,IN
U00939,2025-04-26,US
U00940,2025-10-12,IN
U00941,2025-01-17,FR
U00942,2024-01-17,AU
U00943,2024-03-10,AU
U00944,2024-09-03,CA
U00945,2025-08-18,AU
U00946,2024-05-16,US
U00947,2024-12-26,MX
U00948,2024-12-12,UK
U00949,2025-04-20,BR
U00950,2025-10-08,UK
U00951,2024-05-18,CA
U00952,2025-04-13,US
U00953,2024-10-27,DE
U00954,2024-02-14,DE
U00955,2024-02-12,AU
U00956,2024-11-13,MX
U00957,2025-02-11,MX
U00958,2025-04-29,FR
U00959,2024-02-07,DE
U00960,2024-10-19,AU
U00961,2024-02-18,AU
U00962,2024-10-06,CA
U00963,2025-01-11,IN
U00964,2025-02-13,BR
U00965,2025-01-30,AU
U00966,2024-07-10,BR
U00967,2025-05-24,AU
U00968,2025-06-15,FR
U00969,2024-03-25,IN
U00970,2024-03-21,IN
U00971,2025-09-08,UK
U00972,2025-07-12,FR
U00973,2024-11-24,CA
U00974,2024-03-22,AU
U00975,2025-11-07,FR
U00976,2024-11-09,BR
U00977,2025-09-09,IN
U00978,2024-06-19,BR
U00979,2024-12-25,BR
U00980,2024-02-13,AU
U00981,2025-09-21,IN
U00982,2024-10-08,US
U00983,2024-03-17,IN
U00984,2025-01-07,MX
U00985,2025-11-26,UK
U00986,2024-02-01,UK
U00987,2025-09-14,BR
U00988,2024-02-05,UK
U00989,2024-03-09,DE
U00990,2025-10-22,AU
U00991,2025-01-05,IN
U00992,2025-08-03,US
U00993,2025-09-11,UK
U00994,2025-11-26,BR
U00995,2025-01-14,AU
U00996,2025-03-30,CA
U00997,2025-08-10,UK
U00998,2025-06-26,AU
U00999,2025-02-11,AU
U01000,2025-10-27,FR
